,Vocab,CEFR
0,a,a1
1,an,a1
2,about,a1
3,above,a1
4,across,a1
5,action,a1
6,activity,a1
7,actor,a1
8,actress,a1
9,add,a1
10,address,a1
11,adult,a1
12,advice,a1
13,afraid ,a1
14,after,a1
15,afternoon,a1
16,again,a1
17,age,a1
18,ago,a1
19,agree,a1
20,air,a1
21,airport,a1
22,all,a1
23,also,a1
24,always,a1
25,amazing ,a1
26,and,a1
27,angry ,a1
28,animal,a1
29,another,a1
30,answer,a1
31,any,a1
32,anyone,a1
33,anything,a1
34,apartment,a1
35,apple,a1
36,April,a1
37,area,a1
38,arm,a1
39,around,a1
40,arrive,a1
41,art,a1
42,article,a1
43,artist,a1
44,as,a1
45,ask,a1
46,at,a1
47,August,a1
48,aunt,a1
49,autumn,a1
50,away,a1
51,baby,a1
52,back,a1
53,bad ,a1
54,bag,a1
55,ball,a1
56,banana,a1
57,band,a1
58,bank,a1
59,bath,a1
60,bathroom,a1
61,be,a1
62,beach,a1
63,beautiful ,a1
64,because,a1
65,become,a1
66,bed,a1
67,bedroom,a1
68,beer,a1
69,before,a1
70,begin,a1
71,beginning,a1
72,behind,a1
73,believe,a1
74,below,a1
75,best ,a1
76,better ,a1
77,between,a1
78,bicycle,a1
79,big ,a1
80,bike,a1
81,bill,a1
82,bird,a1
83,birthday,a1
84,black ,a1
85,blog,a1
86,blonde ,a1
87,blue ,a1
88,boat,a1
89,body,a1
90,book,a1
91,boot,a1
92,bored ,a1
93,boring ,a1
94,born,a1
95,both,a1
96,bottle,a1
97,box,a1
98,boy,a1
99,boyfriend,a1
100,bread,a1
101,break,a1
102,breakfast,a1
103,bring,a1
104,brother,a1
105,brown ,a1
106,build,a1
107,building,a1
108,bus,a1
109,business,a1
110,busy ,a1
111,but,a1
112,butter,a1
113,buy,a1
114,by,a1
115,bye ,a1
116,cafe,a1
117,cake,a1
118,call,a1
119,camera,a1
120,can,a1
121,cannot,a1
122,capital ,a1
123,car,a1
124,card,a1
125,career,a1
126,carrot,a1
127,carry,a1
128,cat,a1
129,CD,a1
130,cent,a1
131,centre,a1
132,century,a1
133,chair,a1
134,change,a1
135,chart,a1
136,cheap ,a1
137,check,a1
138,cheese,a1
139,chicken,a1
140,child,a1
141,chocolate,a1
142,choose,a1
143,cinema,a1
144,city,a1
145,class,a1
146,classroom,a1
147,clean ,a1
148,climb,a1
149,clock,a1
150,close,a1
151,clothes,a1
152,club,a1
153,coat,a1
154,coffee,a1
155,cold ,a1
156,college,a1
157,colour,a1
158,come,a1
159,common ,a1
160,company,a1
161,compare,a1
162,complete ,a1
163,computer,a1
164,concert,a1
165,conversation,a1
166,cook,a1
167,cooking,a1
168,cool ,a1
169,correct ,a1
170,cost,a1
171,could,a1
172,country,a1
173,course,a1
174,cousin,a1
175,cow,a1
176,cream,a1
177,create,a1
178,culture,a1
179,cup,a1
180,customer,a1
181,cut,a1
182,dad,a1
183,dance,a1
184,dancer,a1
185,dancing,a1
186,dangerous ,a1
187,dark ,a1
188,date,a1
189,daughter,a1
190,day,a1
191,dear ,a1
192,December,a1
193,decide,a1
194,delicious ,a1
195,describe,a1
196,description,a1
197,design,a1
198,desk,a1
199,detail,a1
200,dialogue,a1
201,dictionary,a1
202,die,a1
203,diet,a1
204,difference,a1
205,different ,a1
206,difficult ,a1
207,dinner,a1
208,dirty ,a1
209,discuss,a1
210,dish,a1
211,do,a1
212,doctor,a1
213,dog,a1
214,dollar,a1
215,door,a1
216,down,a1
217,downstairs,a1
218,draw,a1
219,dress,a1
220,drink,a1
221,drive,a1
222,driver,a1
223,during,a1
224,DVD,a1
225,each,a1
226,ear,a1
227,early ,a1
228,east ,a1
229,easy ,a1
230,eat,a1
231,egg,a1
232,eight,a1
233,eighteen,a1
234,eighty,a1
235,elephant,a1
236,eleven,a1
237,else,a1
238,email,a1
239,end,a1
240,enjoy,a1
241,enough,a1
242,euro,a1
243,even,a1
244,evening,a1
245,event,a1
246,ever,a1
247,every,a1
248,everybody,a1
249,everyone,a1
250,everything,a1
251,exam,a1
252,example,a1
253,excited ,a1
254,exciting ,a1
255,exercise,a1
256,expensive ,a1
257,explain,a1
258,extra ,a1
259,eye,a1
260,face,a1
261,fact,a1
262,fall,a1
263,false ,a1
264,family ,a1
265,famous ,a1
266,fantastic ,a1
267,far,a1
268,farm,a1
269,farmer,a1
270,fast ,a1
271,fat ,a1
272,father,a1
273,favourite ,a1
274,February,a1
275,feel,a1
276,feeling,a1
277,festival,a1
278,few,a1
279,fifteen,a1
280,fifth,a1
281,fifty,a1
282,fill,a1
283,film,a1
284,final ,a1
285,find,a1
286,fine ,a1
287,finish,a1
288,fire,a1
289,first,a1
290,fish,a1
291,five,a1
292,flat,a1
293,flight,a1
294,floor,a1
295,flower,a1
296,fly,a1
297,follow,a1
298,food,a1
299,foot,a1
300,football,a1
301,for,a1
302,forget,a1
303,form,a1
304,forty,a1
305,four,a1
306,fourteen,a1
307,fourth,a1
308,free ,a1
309,Friday,a1
310,friend,a1
311,friendly ,a1
312,from,a1
313,front ,a1
314,fruit,a1
315,full ,a1
316,fun,a1
317,funny ,a1
318,future,a1
319,game,a1
320,garden,a1
321,geography,a1
322,get,a1
323,girl,a1
324,girlfriend,a1
325,give,a1
326,glass,a1
327,go,a1
328,good ,a1
329,goodbye ,a1
330,grandfather,a1
331,grandmother,a1
332,grandparent,a1
333,great ,a1
334,green ,a1
335,grey ,a1
336,group,a1
337,grow,a1
338,guess,a1
339,guitar,a1
340,gym,a1
341,hair,a1
342,half,a1
343,hand,a1
344,happen,a1
345,happy ,a1
346,hard ,a1
347,hat,a1
348,hate,a1
349,have,a1
350,have to,a1
351,he,a1
352,head,a1
353,health,a1
354,healthy ,a1
355,hear,a1
356,hello ,a1
357,help,a1
358,her,a1
359,here,a1
360,hey ,a1
361,hi ,a1
362,high ,a1
363,him,a1
364,his,a1
365,history,a1
366,hobby,a1
367,holiday,a1
368,home,a1
369,homework,a1
370,hope,a1
371,horse,a1
372,hospital,a1
373,hot ,a1
374,hotel,a1
375,hour,a1
376,house,a1
377,how,a1
378,however,a1
379,hundred,a1
380,hungry ,a1
381,husband,a1
382,I,a1
383,ice,a1
384,ice cream,a1
385,idea,a1
386,if,a1
387,imagine,a1
388,important ,a1
389,improve,a1
390,in,a1
391,include,a1
392,information,a1
393,interest,a1
394,interested ,a1
395,interesting ,a1
396,internet,a1
397,interview,a1
398,into,a1
399,introduce,a1
400,island,a1
401,it,a1
402,its,a1
403,jacket,a1
404,January,a1
405,jeans,a1
406,job,a1
407,join,a1
408,journey,a1
409,juice,a1
410,July,a1
411,June,a1
412,just,a1
413,keep,a1
414,key ,a1
415,kilometre,a1
416,kind,a1
417,kitchen,a1
418,know,a1
419,land,a1
420,language,a1
421,large ,a1
422,last,a1
423,late ,a1
424,later,a1
425,laugh,a1
426,learn,a1
427,leave,a1
428,left ,a1
429,leg,a1
430,lesson,a1
431,let,a1
432,letter,a1
433,library,a1
434,lie,a1
435,life,a1
436,light,a1
438,like,a1
440,line,a1
441,lion,a1
442,list,a1
443,listen,a1
444,little ,a1
445,live,a1
446,local ,a1
447,long ,a1
448,look,a1
449,lose,a1
450,lot,a1
451,love,a1
452,lunch,a1
453,machine,a1
454,magazine,a1
455,main ,a1
456,make,a1
457,man,a1
458,many,a1
459,map,a1
460,March,a1
461,market,a1
462,married ,a1
463,match,a1
464,May,a1
465,maybe,a1
466,me,a1
467,meal,a1
468,mean,a1
469,meaning,a1
470,meat,a1
471,meet,a1
472,meeting,a1
473,member,a1
474,menu,a1
475,message,a1
476,metre,a1
477,midnight,a1
478,mile,a1
479,milk,a1
480,million,a1
481,minute,a1
482,miss,a1
483,mistake,a1
484,model,a1
485,modern ,a1
486,moment,a1
487,Monday,a1
488,money,a1
489,month,a1
490,more,a1
491,morning,a1
492,most,a1
493,mother,a1
494,mountain,a1
495,mouse,a1
496,mouth,a1
497,move,a1
498,movie,a1
499,much,a1
500,mum,a1
501,museum,a1
502,music,a1
503,must,a1
504,my,a1
505,name,a1
506,natural ,a1
507,near ,a1
508,need,a1
509,negative ,a1
510,neighbour,a1
511,never,a1
512,new ,a1
513,news,a1
514,newspaper,a1
515,next ,a1
516,next to,a1
517,nice ,a1
518,night,a1
519,nine,a1
520,nineteen,a1
521,ninety,a1
522,no ,a1
523,no one,a1
524,nobody,a1
525,north ,a1
526,nose,a1
527,not,a1
528,note,a1
529,nothing,a1
530,November,a1
531,now,a1
532,number,a1
533,nurse,a1
534,object,a1
535,oâ€™clock,a1
536,October,a1
537,of,a1
538,off,a1
539,office,a1
540,often,a1
541,oh ,a1
542,OK  ,a1
543,old ,a1
544,on,a1
545,once,a1
546,one,a1
547,onion,a1
548,online ,a1
549,only ,a1
550,open ,a1
551,opinion,a1
552,opposite ,a1
553,or,a1
554,orange ,a1
555,order,a1
556,other ,a1
557,our,a1
558,out,a1
559,outside,a1
560,over,a1
561,own ,a1
562,page,a1
563,paint,a1
564,painting,a1
565,pair,a1
566,paper,a1
567,paragraph,a1
568,parent,a1
569,park,a1
570,part,a1
571,partner,a1
572,party,a1
573,passport,a1
574,past ,a1
575,pay,a1
576,pen,a1
577,pencil,a1
578,people,a1
579,pepper,a1
580,perfect ,a1
581,period,a1
582,person,a1
583,personal ,a1
584,phone,a1
585,photo,a1
586,photograph,a1
587,phrase,a1
588,piano,a1
589,picture,a1
590,piece,a1
591,pig,a1
592,pink ,a1
593,place,a1
594,plan,a1
595,plane,a1
596,plant,a1
597,play,a1
598,player,a1
599,please ,a1
600,point,a1
601,police,a1
602,policeman,a1
603,pool,a1
604,poor ,a1
605,popular ,a1
606,positive ,a1
607,possible ,a1
608,post,a1
609,potato,a1
610,pound,a1
611,practice,a1
612,practise,a1
613,prefer,a1
614,prepare,a1
615,present ,a1
616,pretty ,a1
617,price,a1
618,probably,a1
619,problem,a1
620,product,a1
621,programme,a1
622,project,a1
623,purple ,a1
624,put,a1
625,quarter,a1
626,question,a1
627,quick ,a1
628,quickly,a1
629,quiet ,a1
630,quite,a1
631,radio,a1
632,rain,a1
633,read,a1
634,reader,a1
635,reading,a1
636,ready ,a1
637,real ,a1
638,really,a1
639,reason,a1
640,red ,a1
641,relax,a1
642,remember,a1
643,repeat,a1
644,report,a1
645,restaurant,a1
646,result,a1
647,return,a1
648,rice,a1
649,rich ,a1
650,ride,a1
651,right ,a1
652,river,a1
653,road,a1
654,room,a1
655,routine,a1
656,rule,a1
657,run,a1
658,sad ,a1
659,salad,a1
660,salt,a1
661,same ,a1
662,sandwich,a1
663,Saturday,a1
664,say,a1
665,school,a1
666,science,a1
667,scientist,a1
668,sea,a1
669,second,a1
670,section,a1
671,see,a1
672,sell,a1
673,send,a1
674,sentence,a1
675,September,a1
676,seven,a1
677,seventeen,a1
678,seventy,a1
679,share,a1
680,she,a1
681,sheep,a1
682,shirt,a1
683,shoe,a1
684,shop,a1
685,shopping,a1
686,short ,a1
687,should,a1
688,show,a1
689,shower,a1
690,sick ,a1
691,similar ,a1
692,sing,a1
693,singer,a1
694,sister,a1
695,sit,a1
696,situation,a1
697,six,a1
698,sixteen,a1
699,sixty,a1
700,skill,a1
701,skirt,a1
702,sleep,a1
703,slow ,a1
704,small ,a1
705,snake,a1
706,snow,a1
707,so,a1
708,some,a1
709,somebody,a1
710,someone,a1
711,something,a1
712,sometimes,a1
713,son,a1
714,song,a1
715,soon,a1
716,sorry  ,a1
717,sound,a1
718,soup,a1
719,south ,a1
720,space,a1
721,speak,a1
722,special ,a1
723,spell,a1
724,spelling,a1
725,spend,a1
726,sport,a1
727,spring,a1
728,stand,a1
729,star,a1
730,start,a1
731,statement,a1
732,station,a1
733,stay,a1
734,still,a1
735,stop,a1
736,story,a1
737,street,a1
738,strong ,a1
739,student,a1
740,study,a1
741,style,a1
742,subject,a1
743,success,a1
744,sugar,a1
745,summer,a1
746,sun,a1
747,Sunday,a1
748,supermarket,a1
749,sure ,a1
750,sweater,a1
751,swim,a1
752,swimming,a1
753,table,a1
754,take,a1
755,talk,a1
756,tall ,a1
757,taxi,a1
758,tea,a1
759,teach,a1
760,teacher,a1
761,team,a1
762,teenager,a1
763,telephone,a1
764,television,a1
765,tell,a1
766,ten,a1
767,tennis,a1
768,terrible ,a1
769,test,a1
770,text,a1
771,than,a1
772,thank,a1
773,thanks ,a1
774,that,a1
775,the,a1
776,theatre,a1
777,their,a1
778,them,a1
779,then,a1
780,there,a1
781,they,a1
782,thing,a1
783,think,a1
784,third,a1
785,thirsty ,a1
786,thirteen,a1
787,thirty,a1
788,this,a1
789,thousand,a1
790,three,a1
791,through,a1
792,Thursday,a1
793,ticket,a1
794,time,a1
795,tired ,a1
796,title,a1
797,to,a1
798,today,a1
799,together,a1
800,toilet,a1
801,tomato,a1
802,tomorrow,a1
803,tonight,a1
804,too,a1
805,tooth,a1
806,topic,a1
807,tourist,a1
808,town,a1
809,traffic,a1
810,train,a1
811,travel,a1
812,tree,a1
813,trip,a1
814,trousers,a1
815,true ,a1
816,try,a1
817,T-shirt,a1
818,Tuesday,a1
819,turn,a1
820,TV,a1
821,twelve,a1
822,twenty,a1
823,twice,a1
824,two,a1
825,type,a1
826,umbrella,a1
827,uncle,a1
828,under,a1
829,understand,a1
830,university,a1
831,until,a1
832,up,a1
833,upstairs,a1
834,us,a1
835,use,a1
836,useful ,a1
837,usually,a1
838,vacation,a1
839,vegetable,a1
840,very,a1
841,video,a1
842,village,a1
843,visit,a1
844,visitor,a1
845,wait,a1
846,waiter,a1
847,wake,a1
848,walk,a1
849,wall,a1
850,want,a1
851,warm ,a1
852,wash,a1
853,watch,a1
854,water,a1
855,way,a1
856,we,a1
857,wear,a1
858,weather,a1
859,website,a1
860,Wednesday,a1
861,week,a1
862,weekend,a1
863,welcome  ,a1
864,well  ,a1
865,west ,a1
866,what,a1
867,when,a1
868,where,a1
869,which,a1
870,white ,a1
871,who,a1
872,why,a1
873,wife,a1
874,will,a1
875,win,a1
876,window,a1
877,wine,a1
878,winter,a1
879,with,a1
880,without,a1
881,woman,a1
882,wonderful ,a1
883,word,a1
884,work,a1
885,worker,a1
886,world,a1
887,would,a1
888,write,a1
889,writer,a1
890,writing,a1
891,wrong ,a1
892,yeah ,a1
893,year,a1
894,yellow ,a1
895,yes ,a1
896,yesterday,a1
897,you,a1
898,young ,a1
899,your,a1
900,yourself,a1
901,ability,a2
902,able ,a2
903,abroad,a2
904,accept,a2
905,accident,a2
906,according to,a2
907,achieve,a2
908,act,a2
909,active ,a2
910,actually,a2
911,adult ,a2
912,advantage,a2
913,adventure,a2
914,advertise,a2
915,advertisement,a2
916,advertising,a2
917,affect,a2
919,against,a2
920,ah ,a2
921,airline,a2
922,alive ,a2
924,all right  ,a2
925,allow,a2
926,almost,a2
927,alone ,a2
928,along,a2
929,already,a2
930,alternative,a2
931,although,a2
932,among,a2
933,amount,a2
934,ancient ,a2
935,ankle,a2
937,anybody,a2
938,any more,a2
939,anyway,a2
940,anywhere,a2
941,app,a2
942,appear,a2
943,appearance,a2
944,apply,a2
945,architect,a2
946,architecture,a2
947,argue,a2
948,argument,a2
949,army,a2
950,arrange,a2
951,arrangement,a2
953,asleep ,a2
954,assistant ,a2
955,athlete,a2
956,attack,a2
957,attend,a2
958,attention ,a2
959,attractive ,a2
960,audience,a2
961,author,a2
962,available ,a2
963,average ,a2
964,avoid,a2
965,award,a2
966,awful ,a2
967,back ,a2
968,background,a2
969,badly,a2
970,bar,a2
971,baseball,a2
972,based ,a2
973,basketball,a2
974,bean,a2
975,bear,a2
976,beat,a2
977,beef,a2
979,behave,a2
980,behaviour,a2
981,belong,a2
982,belt,a2
983,benefit,a2
984,best,a2
985,better,a2
987,billion,a2
988,bin,a2
989,biology,a2
990,birth,a2
991,biscuit,a2
992,bit,a2
993,blank ,a2
994,blood,a2
995,blow,a2
996,board,a2
997,boil,a2
998,bone,a2
1000,borrow,a2
1001,boss,a2
1002,bottom ,a2
1003,bowl,a2
1004,brain,a2
1005,bridge,a2
1006,bright ,a2
1007,brilliant ,a2
1008,broken ,a2
1009,brush,a2
1010,burn,a2
1011,businessman,a2
1012,button,a2
1013,camp,a2
1014,camping,a2
1016,care,a2
1017,careful ,a2
1018,carefully,a2
1019,carpet,a2
1020,cartoon,a2
1021,case,a2
1022,cash,a2
1023,castle,a2
1024,catch,a2
1025,cause,a2
1026,celebrate,a2
1027,celebrity,a2
1028,certain ,a2
1029,certainly,a2
1030,chance,a2
1031,character,a2
1032,charity,a2
1033,chat,a2
1035,chef,a2
1036,chemistry,a2
1037,chip,a2
1038,choice,a2
1039,church,a2
1040,cigarette,a2
1041,circle,a2
1042,classical ,a2
1043,clear ,a2
1044,clearly,a2
1045,clever ,a2
1046,climate,a2
1047,close ,a2
1048,closed ,a2
1049,clothing,a2
1050,cloud,a2
1051,coach,a2
1052,coast,a2
1053,code,a2
1054,colleague,a2
1055,collect,a2
1056,column,a2
1057,comedy,a2
1058,comfortable ,a2
1059,comment,a2
1060,communicate,a2
1061,community,a2
1062,compete,a2
1063,competition,a2
1064,complain,a2
1065,completely,a2
1066,condition,a2
1067,conference,a2
1068,connect,a2
1069,connected ,a2
1070,consider,a2
1071,contain,a2
1072,context,a2
1073,continent,a2
1074,continue,a2
1075,control,a2
1077,cooker,a2
1078,copy,a2
1079,corner,a2
1080,correctly,a2
1081,count,a2
1082,couple,a2
1083,cover,a2
1084,crazy ,a2
1085,creative ,a2
1086,credit,a2
1087,crime,a2
1088,criminal,a2
1089,cross,a2
1090,crowd,a2
1091,crowded ,a2
1092,cry,a2
1093,cupboard,a2
1094,curly ,a2
1095,cycle,a2
1096,daily ,a2
1097,danger,a2
1098,dark,a2
1099,data,a2
1100,dead ,a2
1101,deal,a2
1103,death,a2
1104,decision,a2
1105,deep ,a2
1106,definitely,a2
1107,degree,a2
1108,dentist,a2
1109,department,a2
1110,depend,a2
1111,desert,a2
1112,designer,a2
1113,destroy,a2
1114,detective,a2
1115,develop,a2
1116,device,a2
1117,diary,a2
1118,differently,a2
1119,digital ,a2
1120,direct ,a2
1121,direction,a2
1122,director,a2
1123,disagree,a2
1124,disappear,a2
1125,disaster,a2
1126,discover,a2
1127,discovery,a2
1128,discussion,a2
1129,disease,a2
1130,distance,a2
1131,divorced ,a2
1132,document,a2
1133,double ,a2
1134,download,a2
1135,downstairs ,a2
1136,drama,a2
1137,drawing,a2
1138,dream,a2
1140,driving,a2
1141,drop,a2
1142,drug,a2
1143,dry ,a2
1144,earn,a2
1145,earth,a2
1146,easily,a2
1147,education,a2
1148,effect,a2
1149,either,a2
1150,electric ,a2
1151,electrical ,a2
1152,electricity,a2
1153,electronic ,a2
1154,employ,a2
1155,employee,a2
1156,employer,a2
1157,empty ,a2
1158,ending,a2
1159,energy,a2
1160,engine,a2
1161,engineer,a2
1162,enormous ,a2
1163,enter,a2
1164,environment,a2
1165,equipment,a2
1166,error,a2
1167,especially,a2
1168,essay,a2
1169,everyday ,a2
1170,everywhere,a2
1171,evidence,a2
1172,exact ,a2
1173,exactly,a2
1174,excellent ,a2
1175,except,a2
1176,exist,a2
1177,expect,a2
1178,experience,a2
1179,experiment,a2
1180,expert,a2
1181,explanation,a2
1182,express,a2
1183,expression,a2
1184,extreme ,a2
1185,extremely,a2
1186,factor,a2
1187,factory,a2
1188,fail,a2
1189,fair ,a2
1191,fan,a2
1193,farming,a2
1194,fashion,a2
1195,fat,a2
1196,fear,a2
1197,feature,a2
1198,feed,a2
1199,female ,a2
1200,fiction,a2
1201,field,a2
1202,fight,a2
1203,figure,a2
1205,final,a2
1206,finally,a2
1207,finger,a2
1210,firstly,a2
1212,fishing,a2
1213,fit ,a2
1214,fix,a2
1215,flat ,a2
1216,flu,a2
1218,flying ,a2
1219,focus,a2
1220,following ,a2
1221,foreign ,a2
1222,forest,a2
1223,fork,a2
1224,formal ,a2
1225,fortunately,a2
1226,forward,a2
1227,free,a2
1228,fresh ,a2
1229,fridge,a2
1230,frog,a2
1231,fun ,a2
1232,furniture,a2
1233,further ,a2
1234,future ,a2
1235,gallery,a2
1236,gap,a2
1237,gas,a2
1238,gate,a2
1239,general ,a2
1240,gift,a2
1241,goal,a2
1242,god,a2
1243,gold ,a2
1244,golf,a2
1245,good,a2
1246,government,a2
1247,grass,a2
1248,greet,a2
1249,ground,a2
1250,guest,a2
1251,guide,a2
1252,gun,a2
1253,guy,a2
1254,habit,a2
1256,hall,a2
1257,happily,a2
1259,headache,a2
1260,heart,a2
1261,heat,a2
1262,heavy ,a2
1263,height,a2
1264,helpful ,a2
1265,hero,a2
1266,hers,a2
1267,herself,a2
1268,hide,a2
1269,high,a2
1270,hill,a2
1271,himself,a2
1273,hit,a2
1274,hockey,a2
1275,hold,a2
1276,hole,a2
1277,home ,a2
1279,huge ,a2
1280,human ,a2
1281,hurt ,a2
1282,ideal ,a2
1283,identify,a2
1284,ill ,a2
1285,illness,a2
1286,image,a2
1287,immediately,a2
1288,impossible ,a2
1289,included ,a2
1290,including,a2
1291,increase,a2
1292,incredible ,a2
1293,independent ,a2
1294,individual ,a2
1295,industry,a2
1296,informal ,a2
1297,injury,a2
1298,insect,a2
1299,inside ,a2
1300,instead,a2
1301,instruction,a2
1302,instructor,a2
1303,instrument,a2
1304,intelligent ,a2
1305,international ,a2
1306,introduction,a2
1307,invent,a2
1308,invention,a2
1309,invitation,a2
1310,invite,a2
1311,involve,a2
1312,item,a2
1313,itself,a2
1314,jam,a2
1315,jazz,a2
1316,jewellery,a2
1317,joke,a2
1318,journalist,a2
1319,jump,a2
1320,kid,a2
1321,kill,a2
1322,king,a2
1323,knee,a2
1324,knife,a2
1325,knock,a2
1326,knowledge,a2
1327,lab,a2
1328,lady,a2
1329,lake,a2
1330,lamp,a2
1332,laptop,a2
1335,later ,a2
1336,laughter,a2
1337,law,a2
1338,lawyer,a2
1339,lazy ,a2
1340,lead,a2
1341,leader,a2
1342,learning,a2
1343,least,a2
1344,lecture,a2
1345,lemon,a2
1346,lend,a2
1347,less,a2
1348,level,a2
1349,lifestyle,a2
1350,lift,a2
1352,light ,a2
1353,likely ,a2
1354,link,a2
1355,listener,a2
1356,little,a2
1357,lock,a2
1359,lorry,a2
1360,lost ,a2
1361,loud ,a2
1362,loudly,a2
1363,lovely ,a2
1364,low ,a2
1365,luck,a2
1366,lucky ,a2
1367,mail,a2
1368,major ,a2
1369,male ,a2
1370,manage,a2
1371,manager,a2
1372,manner,a2
1373,mark,a2
1374,marry,a2
1375,material,a2
1376,mathematics,a2
1377,maths,a2
1378,matter,a2
1379,may,a2
1380,media,a2
1381,medical ,a2
1382,medicine,a2
1383,memory,a2
1384,mention,a2
1385,metal,a2
1386,method,a2
1387,middle ,a2
1388,might,a2
1389,mind,a2
1390,mine,a2
1391,mirror,a2
1392,missing ,a2
1393,mobile ,a2
1394,monkey,a2
1395,moon,a2
1396,mostly,a2
1397,motorcycle,a2
1398,movement,a2
1399,musical ,a2
1400,musician,a2
1401,myself,a2
1402,narrow ,a2
1403,national ,a2
1404,nature,a2
1405,nearly,a2
1406,necessary ,a2
1407,neck,a2
1409,neither,a2
1410,nervous ,a2
1411,network,a2
1412,noise,a2
1413,noisy ,a2
1414,none,a2
1415,normal ,a2
1416,normally,a2
1417,notice,a2
1418,novel,a2
1419,nowhere,a2
1421,nut,a2
1422,ocean,a2
1423,offer,a2
1424,officer,a2
1425,oil,a2
1426,onto,a2
1427,opportunity,a2
1428,option,a2
1429,ordinary ,a2
1430,organization,a2
1431,organize,a2
1432,original ,a2
1433,ourselves,a2
1434,outside ,a2
1435,oven,a2
1436,own,a2
1437,owner,a2
1438,pack,a2
1439,pain,a2
1440,painter,a2
1441,palace,a2
1442,pants,a2
1443,parking,a2
1444,particular ,a2
1445,pass,a2
1446,passenger,a2
1447,past,a2
1448,patient,a2
1449,pattern,a2
1451,peace,a2
1452,penny,a2
1453,per,a2
1454,per cent ,a2
1455,perform,a2
1456,perhaps,a2
1457,permission,a2
1458,personality,a2
1459,pet,a2
1460,petrol,a2
1462,physical ,a2
1463,physics,a2
1464,pick,a2
1465,pilot,a2
1466,planet,a2
1468,plastic ,a2
1469,plate,a2
1470,platform,a2
1471,please,a2
1472,pleased ,a2
1473,pocket,a2
1474,polite ,a2
1475,pollution,a2
1476,pop ,a2
1477,population,a2
1478,position,a2
1479,possession,a2
1480,possibility,a2
1481,poster,a2
1482,power,a2
1483,predict,a2
1484,present,a2
1485,president,a2
1486,prevent,a2
1487,print,a2
1488,printer,a2
1489,prison,a2
1490,prize,a2
1491,process,a2
1492,produce,a2
1493,professional ,a2
1494,professor,a2
1495,profile,a2
1496,program,a2
1497,progress,a2
1498,promise,a2
1499,pronounce,a2
1500,protect,a2
1501,provide,a2
1502,pub,a2
1503,public ,a2
1504,publish,a2
1505,pull,a2
1506,purpose,a2
1507,push,a2
1508,quality,a2
1509,quantity,a2
1510,queen,a2
1512,quietly,a2
1513,race,a2
1514,railway,a2
1515,raise,a2
1516,rate,a2
1517,rather,a2
1518,reach,a2
1519,react,a2
1520,realize,a2
1521,receive,a2
1522,recent ,a2
1523,recently,a2
1524,reception,a2
1525,recipe,a2
1526,recognize,a2
1527,recommend,a2
1528,record,a2
1529,recording,a2
1530,recycle,a2
1531,reduce,a2
1532,refer,a2
1533,refuse,a2
1534,region,a2
1535,regular ,a2
1536,relationship,a2
1537,remove,a2
1538,repair,a2
1539,replace,a2
1540,reply,a2
1542,reporter,a2
1543,request,a2
1544,research,a2
1545,researcher,a2
1546,respond,a2
1547,response,a2
1548,rest,a2
1550,review,a2
1552,ring,a2
1554,rise,a2
1555,rock,a2
1557,role,a2
1558,roof,a2
1559,round ,a2
1560,route,a2
1561,rubbish,a2
1562,rude ,a2
1564,runner,a2
1565,running,a2
1566,sadly,a2
1567,safe ,a2
1568,sail,a2
1569,sailing,a2
1570,salary,a2
1571,sale,a2
1572,sauce,a2
1573,save,a2
1574,scared ,a2
1575,scary ,a2
1576,scene,a2
1577,schedule,a2
1578,score,a2
1579,screen,a2
1580,search,a2
1581,season,a2
1582,seat,a2
1584,secondly,a2
1585,secret ,a2
1586,secretary,a2
1587,seem,a2
1588,sense,a2
1589,separate ,a2
1590,series,a2
1591,serious ,a2
1592,serve,a2
1593,service,a2
1594,several,a2
1595,shake,a2
1596,shall,a2
1597,shape,a2
1598,sheet,a2
1599,ship,a2
1600,shoulder,a2
1601,shout,a2
1602,shut ,a2
1603,side,a2
1604,sign,a2
1605,silver ,a2
1606,simple ,a2
1607,since,a2
1608,singing,a2
1609,single ,a2
1610,sir,a2
1611,site,a2
1612,size,a2
1613,ski ,a2
1614,skiing,a2
1615,skin,a2
1616,sky,a2
1618,slowly,a2
1619,smartphone,a2
1620,smell,a2
1621,smile,a2
1622,smoke,a2
1623,smoking,a2
1624,soap,a2
1625,soccer,a2
1626,social ,a2
1627,society,a2
1628,sock,a2
1629,soft ,a2
1630,soldier,a2
1631,solution,a2
1632,solve,a2
1633,somewhere,a2
1634,sort,a2
1635,source,a2
1636,speaker,a2
1637,specific ,a2
1638,speech,a2
1639,speed,a2
1640,spider,a2
1641,spoon,a2
1642,square ,a2
1643,stage,a2
1644,stair,a2
1645,stamp,a2
1648,state,a2
1650,steal,a2
1651,step,a2
1652,stomach,a2
1653,stone,a2
1654,store,a2
1655,storm,a2
1656,straight ,a2
1657,strange ,a2
1658,strategy,a2
1659,stress,a2
1660,structure,a2
1661,stupid ,a2
1662,succeed,a2
1663,successful ,a2
1664,such,a2
1665,suddenly,a2
1666,suggest,a2
1667,suggestion,a2
1668,suit,a2
1669,support,a2
1670,suppose,a2
1671,sure,a2
1672,surprise,a2
1673,surprised ,a2
1674,surprising ,a2
1675,survey,a2
1676,sweet ,a2
1677,symbol,a2
1678,system,a2
1679,tablet,a2
1681,target,a2
1682,task,a2
1683,taste,a2
1684,teaching,a2
1685,technology,a2
1686,teenage ,a2
1687,temperature,a2
1688,term,a2
1690,themselves,a2
1691,thick ,a2
1692,thief,a2
1693,thin ,a2
1694,thinking,a2
1696,thought,a2
1697,throw,a2
1698,tidy ,a2
1699,tie,a2
1700,tip,a2
1701,tool,a2
1702,top ,a2
1703,touch,a2
1704,tour,a2
1705,tourism,a2
1706,towards,a2
1707,towel,a2
1708,tower,a2
1709,toy ,a2
1710,track,a2
1711,tradition,a2
1712,traditional ,a2
1714,trainer,a2
1715,training,a2
1716,transport,a2
1717,traveller,a2
1718,trouble,a2
1719,truck,a2
1720,twin ,a2
1721,typical ,a2
1722,underground ,a2
1723,understanding,a2
1724,unfortunately,a2
1725,unhappy ,a2
1726,uniform,a2
1727,unit,a2
1728,united ,a2
1729,unusual ,a2
1730,upstairs ,a2
1732,used to,a2
1733,user,a2
1734,usual ,a2
1735,valley,a2
1736,van,a2
1737,variety,a2
1738,vehicle,a2
1739,view,a2
1740,virus,a2
1741,voice,a2
1743,war,a2
1745,washing,a2
1746,wave,a2
1747,weak ,a2
1748,web,a2
1749,wedding,a2
1750,weight,a2
1751,welcome,a2
1752,wet ,a2
1753,wheel,a2
1754,while,a2
1755,whole ,a2
1756,whose,a2
1757,wide ,a2
1758,wild ,a2
1759,wind,a2
1760,winner,a2
1761,wish,a2
1762,wood,a2
1763,wooden ,a2
1764,working ,a2
1765,worried ,a2
1766,worry,a2
1767,worse ,a2
1768,worst ,a2
1769,wow ,a2
1770,yet,a2
1771,yours,a2
1772,zero,a2
1773,absolutely,b1
1774,academic ,b1
1775,access,b1
1776,accommodation,b1
1777,account,b1
1778,achievement,b1
1780,ad,b1
1781,addition,b1
1782,admire,b1
1783,admit,b1
1784,advanced ,b1
1785,advise,b1
1786,afford,b1
1788,aged ,b1
1789,agent,b1
1790,agreement,b1
1791,ahead,b1
1792,aim,b1
1793,alarm,b1
1794,album,b1
1795,alcohol,b1
1796,alcoholic ,b1
1797,alternative ,b1
1798,amazed ,b1
1799,ambition,b1
1800,ambitious ,b1
1801,analyse,b1
1802,analysis,b1
1803,announce,b1
1804,announcement,b1
1805,annoy,b1
1806,annoyed ,b1
1807,annoying ,b1
1808,apart,b1
1809,apologize,b1
1810,application,b1
1811,appointment,b1
1812,appreciate,b1
1813,approximately,b1
1814,arrest,b1
1815,arrival,b1
1816,assignment,b1
1817,assist,b1
1818,atmosphere,b1
1819,attach,b1
1820,attitude,b1
1821,attract,b1
1822,attraction,b1
1823,authority,b1
1824,average,b1
1826,aware ,b1
1827,backwards,b1
1828,bake,b1
1829,balance,b1
1830,ban,b1
1832,base,b1
1833,basic ,b1
1834,basis,b1
1835,battery,b1
1836,battle,b1
1837,beauty,b1
1838,bee,b1
1839,belief,b1
1840,bell,b1
1841,bend,b1
1844,bite,b1
1845,block,b1
1847,bomb,b1
1848,border,b1
1849,bother,b1
1850,branch,b1
1851,brand,b1
1852,brave ,b1
1853,breath,b1
1854,breathe,b1
1855,breathing,b1
1856,bride,b1
1857,bubble,b1
1858,bury,b1
1860,calm ,b1
1861,campaign,b1
1862,campus,b1
1863,candidate,b1
1864,cap,b1
1865,captain,b1
1866,careless ,b1
1867,category,b1
1868,ceiling,b1
1869,celebration,b1
1870,central ,b1
1872,ceremony,b1
1873,chain,b1
1874,challenge,b1
1875,champion,b1
1876,channel,b1
1877,chapter,b1
1878,charge,b1
1879,cheap,b1
1880,cheat,b1
1881,cheerful ,b1
1882,chemical ,b1
1883,chest,b1
1884,childhood,b1
1885,claim,b1
1886,clause,b1
1887,clear,b1
1888,click,b1
1889,client,b1
1892,cloth,b1
1893,clue,b1
1895,coal,b1
1896,coin,b1
1897,collection,b1
1898,coloured ,b1
1899,combine,b1
1901,commercial ,b1
1902,commit,b1
1903,communication,b1
1904,comparison,b1
1905,competitor,b1
1906,competitive ,b1
1907,complaint,b1
1908,complex ,b1
1909,concentrate,b1
1910,conclude,b1
1911,conclusion,b1
1912,confident ,b1
1913,confirm,b1
1914,confuse,b1
1915,confused ,b1
1916,connection,b1
1917,consequence,b1
1918,consist,b1
1919,consume,b1
1920,consumer,b1
1921,contact,b1
1922,container,b1
1923,content,b1
1924,continuous ,b1
1925,contrast,b1
1926,convenient ,b1
1927,convince,b1
1928,cool,b1
1929,costume,b1
1930,cottage,b1
1931,cotton,b1
1933,countryside,b1
1934,court,b1
1936,covered ,b1
1937,cream ,b1
1938,criminal ,b1
1939,cruel ,b1
1940,cultural ,b1
1941,currency,b1
1942,current ,b1
1943,currently,b1
1944,curtain,b1
1945,custom,b1
1947,daily,b1
1948,damage,b1
1950,decade,b1
1951,decorate,b1
1952,deep,b1
1953,define,b1
1954,definite ,b1
1955,definition,b1
1956,deliver,b1
1957,departure,b1
1958,despite,b1
1959,destination,b1
1960,determine,b1
1961,determined ,b1
1962,development,b1
1963,diagram,b1
1964,diamond,b1
1965,difficulty,b1
1966,direct,b1
1967,directly,b1
1968,dirt,b1
1969,disadvantage,b1
1970,disappointed ,b1
1971,disappointing ,b1
1972,discount,b1
1973,dislike,b1
1974,divide,b1
1975,documentary,b1
1976,donate,b1
1977,double,b1
1978,doubt,b1
1979,dressed ,b1
1981,drum,b1
1982,drunk ,b1
1983,due ,b1
1984,dust,b1
1985,duty,b1
1986,earthquake,b1
1987,eastern ,b1
1988,economic ,b1
1989,economy,b1
1990,edge,b1
1991,editor,b1
1992,educate,b1
1993,educated ,b1
1994,educational ,b1
1995,effective ,b1
1996,effectively,b1
1997,effort,b1
1998,election,b1
1999,element,b1
2000,embarrassed ,b1
2001,embarrassing ,b1
2002,emergency,b1
2003,emotion,b1
2004,employment,b1
2005,empty,b1
2006,encourage,b1
2007,enemy,b1
2008,engaged ,b1
2009,engineering,b1
2010,entertain,b1
2011,entertainment,b1
2012,entrance,b1
2013,entry,b1
2014,environmental ,b1
2015,episode,b1
2016,equal ,b1
2017,equally,b1
2018,escape,b1
2019,essential ,b1
2020,eventually,b1
2021,examine,b1
2023,exchange,b1
2024,excitement,b1
2025,exhibition,b1
2026,expand,b1
2027,expected ,b1
2028,expedition,b1
2030,experienced ,b1
2032,explode,b1
2033,explore,b1
2034,explosion,b1
2035,export,b1
2036,extra,b1
2038,fairly,b1
2039,familiar ,b1
2040,fancy ,b1
2041,far ,b1
2042,fascinating ,b1
2043,fashionable ,b1
2044,fasten,b1
2045,favour,b1
2048,fence,b1
2049,fighting,b1
2050,file,b1
2051,financial ,b1
2053,fitness,b1
2054,fixed ,b1
2055,flag,b1
2056,flood,b1
2057,flour,b1
2058,flow,b1
2059,fold,b1
2060,folk ,b1
2061,following,b1
2062,force,b1
2063,forever,b1
2064,frame,b1
2065,freeze,b1
2066,frequently,b1
2067,friendship,b1
2068,frighten,b1
2069,frightened ,b1
2070,frightening ,b1
2071,frozen ,b1
2072,fry,b1
2073,fuel,b1
2074,function,b1
2075,fur,b1
2076,further,b1
2077,garage,b1
2078,gather,b1
2079,generally,b1
2080,generation,b1
2081,generous ,b1
2082,gentle ,b1
2083,gentleman,b1
2084,ghost,b1
2085,giant ,b1
2086,glad ,b1
2087,global ,b1
2088,glove,b1
2090,goods,b1
2091,grade,b1
2092,graduate,b1
2093,grain,b1
2094,grateful ,b1
2095,growth,b1
2096,guard,b1
2097,guilty ,b1
2099,hang,b1
2100,happiness,b1
2101,hardly,b1
2104,headline,b1
2105,heating,b1
2106,heavily,b1
2107,helicopter,b1
2108,highlight,b1
2109,highly,b1
2110,hire,b1
2111,historic ,b1
2112,historical ,b1
2113,honest ,b1
2114,horrible ,b1
2115,horror,b1
2116,host,b1
2117,hunt,b1
2118,hurricane,b1
2119,hurry,b1
2120,identity,b1
2121,ignore,b1
2122,illegal ,b1
2123,imaginary ,b1
2124,immediate ,b1
2125,immigrant,b1
2126,impact,b1
2127,import,b1
2128,importance,b1
2129,impression,b1
2130,impressive ,b1
2131,improvement,b1
2132,incredibly,b1
2133,indeed,b1
2134,indicate,b1
2135,indirect ,b1
2136,indoor ,b1
2137,indoors,b1
2138,influence,b1
2139,ingredient,b1
2140,injure,b1
2141,injured ,b1
2142,innocent ,b1
2143,intelligence,b1
2144,intend,b1
2145,intention,b1
2146,invest,b1
2147,investigate,b1
2148,involved ,b1
2149,iron,b1
2150,issue,b1
2151,IT,b1
2152,journal,b1
2153,judge,b1
2154,keen ,b1
2155,key,b1
2156,keyboard,b1
2157,kick,b1
2158,killing,b1
2159,kind ,b1
2160,kiss,b1
2162,label,b1
2163,laboratory,b1
2164,lack,b1
2165,latest ,b1
2166,lay,b1
2167,layer,b1
2169,leading ,b1
2170,leaf,b1
2171,leather,b1
2172,legal ,b1
2173,leisure,b1
2174,length,b1
2175,level ,b1
2178,limit,b1
2179,lip,b1
2180,liquid ,b1
2181,literature,b1
2182,live ,b1
2183,living ,b1
2184,local,b1
2185,locate,b1
2186,located ,b1
2187,location,b1
2188,lonely ,b1
2189,loss,b1
2190,luxury,b1
2191,mad ,b1
2192,magic ,b1
2193,mainly,b1
2194,mall,b1
2195,management,b1
2197,marketing,b1
2198,marriage,b1
2199,meanwhile,b1
2200,measure,b1
2201,medium ,b1
2202,mental ,b1
2204,mess,b1
2205,mild ,b1
2207,mix,b1
2208,mixture,b1
2209,mood,b1
2211,mud,b1
2212,murder,b1
2213,muscle,b1
2214,musical,b1
2215,mystery,b1
2216,nail,b1
2217,narrative ,b1
2218,nation,b1
2219,native ,b1
2220,naturally,b1
2221,necessarily,b1
2223,needle,b1
2224,neighbourhood,b1
2226,net,b1
2227,next,b1
2228,nor,b1
2229,normal,b1
2230,northern ,b1
2233,nuclear ,b1
2234,obvious ,b1
2235,obviously,b1
2236,occasion,b1
2237,occur,b1
2238,odd ,b1
2239,official ,b1
2240,old-fashioned ,b1
2242,operation,b1
2243,organized ,b1
2244,organizer,b1
2245,original,b1
2246,originally,b1
2247,ought,b1
2248,ours,b1
2249,outdoor ,b1
2250,outdoors,b1
2252,package,b1
2253,painful ,b1
2254,pale ,b1
2255,pan,b1
2256,participate,b1
2257,particularly,b1
2259,passion,b1
2260,path,b1
2261,payment,b1
2262,peaceful ,b1
2263,percentage,b1
2264,perfectly,b1
2265,performance,b1
2266,personally,b1
2267,persuade,b1
2268,photographer,b1
2269,photography,b1
2270,pin,b1
2271,pipe,b1
2273,planning,b1
2274,pleasant ,b1
2275,pleasure,b1
2276,plenty,b1
2277,plot,b1
2278,plus,b1
2279,poem,b1
2280,poet,b1
2281,poetry,b1
2283,poison,b1
2284,poisonous ,b1
2285,policy,b1
2286,political ,b1
2287,politician,b1
2288,politics,b1
2289,port,b1
2290,portrait,b1
2291,possibly,b1
2292,pot,b1
2293,pour,b1
2294,poverty,b1
2295,powder,b1
2296,powerful ,b1
2297,practical ,b1
2298,pray,b1
2299,prayer,b1
2300,prediction,b1
2301,prepared ,b1
2302,presentation,b1
2303,press,b1
2304,pressure,b1
2305,pretend,b1
2306,previous ,b1
2307,previously,b1
2308,priest,b1
2309,primary ,b1
2310,prince,b1
2311,princess,b1
2312,printing,b1
2313,prisoner,b1
2314,private ,b1
2315,producer,b1
2316,production,b1
2317,profession,b1
2318,profit,b1
2320,promote,b1
2321,proper ,b1
2322,properly,b1
2323,property,b1
2324,protest,b1
2325,proud ,b1
2326,prove,b1
2328,punish,b1
2329,punishment,b1
2331,qualification,b1
2332,qualified ,b1
2333,qualify,b1
2334,queue,b1
2335,quit,b1
2336,quotation,b1
2337,quote,b1
2339,racing,b1
2340,range,b1
2341,rare ,b1
2342,rarely,b1
2343,reaction,b1
2344,reality,b1
2345,receipt,b1
2346,recommendation,b1
2347,reference,b1
2348,reflect,b1
2349,regularly,b1
2350,reject,b1
2351,relate,b1
2352,related ,b1
2353,relation,b1
2354,relative ,b1
2355,relaxed ,b1
2356,relaxing ,b1
2357,release,b1
2358,reliable ,b1
2359,religion,b1
2360,religious ,b1
2361,remain,b1
2362,remind,b1
2363,remote ,b1
2364,rent,b1
2367,repeated ,b1
2368,represent,b1
2370,require,b1
2371,reservation,b1
2372,resource,b1
2373,respect,b1
2374,responsibility,b1
2375,responsible ,b1
2377,retire,b1
2378,retired ,b1
2379,revise,b1
2382,risk,b1
2383,robot,b1
2384,roll,b1
2385,romantic ,b1
2386,rope,b1
2387,rough ,b1
2388,row,b1
2389,royal ,b1
2390,rugby,b1
2392,safety,b1
2394,sailor,b1
2395,sample,b1
2396,sand,b1
2397,scan,b1
2398,scientific ,b1
2399,script,b1
2400,sculpture,b1
2401,secondary ,b1
2402,security,b1
2403,seed,b1
2404,sensible ,b1
2405,separate,b1
2406,seriously,b1
2407,servant,b1
2408,set,b1
2410,setting,b1
2411,sex,b1
2412,sexual ,b1
2415,sharp ,b1
2416,shelf,b1
2417,shell,b1
2418,shift,b1
2419,shine,b1
2420,shiny ,b1
2421,shoot,b1
2422,shy ,b1
2423,sight,b1
2424,signal,b1
2425,silent ,b1
2426,silly ,b1
2427,similarity,b1
2428,similarly,b1
2429,simply,b1
2431,sink,b1
2432,slice,b1
2433,slightly,b1
2434,slow,b1
2435,smart ,b1
2436,smooth ,b1
2437,software,b1
2438,soil,b1
2439,solid ,b1
2441,southern ,b1
2442,specifically,b1
2443,spending,b1
2444,spicy ,b1
2445,spirit,b1
2446,spoken ,b1
2447,spot,b1
2448,spread,b1
2450,stadium,b1
2451,staff,b1
2452,standard ,b1
2453,state ,b1
2454,statistic,b1
2455,statue,b1
2456,stick,b1
2458,still ,b1
2460,stranger,b1
2461,strength,b1
2462,string,b1
2463,strongly,b1
2464,studio,b1
2465,stuff,b1
2466,substance,b1
2467,successfully,b1
2468,sudden ,b1
2469,suffer,b1
2471,suitable ,b1
2472,summarize,b1
2473,summary,b1
2474,supply,b1
2475,supporter,b1
2476,surely,b1
2477,surface,b1
2478,survive,b1
2480,switch,b1
2481,symptom,b1
2482,tail,b1
2483,talent,b1
2484,talented ,b1
2485,tape,b1
2486,tax,b1
2487,technical ,b1
2488,technique,b1
2489,tend,b1
2490,tent,b1
2492,theirs,b1
2493,theme,b1
2494,theory,b1
2495,therefore,b1
2497,though,b1
2498,throat,b1
2499,throughout,b1
2500,tight ,b1
2501,till,b1
2502,tin,b1
2503,tiny ,b1
2505,toe,b1
2506,tongue,b1
2507,total ,b1
2508,totally,b1
2511,trade,b1
2512,translate,b1
2513,translation,b1
2515,treat,b1
2516,treatment,b1
2517,trend,b1
2518,trick,b1
2519,truth,b1
2520,tube,b1
2522,typically,b1
2523,tyre,b1
2524,ugly ,b1
2525,unable ,b1
2526,uncomfortable ,b1
2527,underwear,b1
2528,unemployed ,b1
2529,unemployment,b1
2530,unfair ,b1
2531,union,b1
2532,unless,b1
2533,unlike,b1
2534,unlikely ,b1
2535,unnecessary ,b1
2536,unpleasant ,b1
2537,update,b1
2538,upon,b1
2539,upset ,b1
2540,used ,b1
2542,valuable ,b1
2543,value,b1
2544,various ,b1
2545,version,b1
2546,victim,b1
2548,viewer,b1
2549,violent ,b1
2550,volunteer,b1
2551,vote,b1
2552,warm,b1
2553,warn,b1
2554,warning,b1
2555,waste ,b1
2558,weapon,b1
2559,weigh,b1
2560,western ,b1
2561,whatever,b1
2562,whenever,b1
2563,whether,b1
2565,whole,b1
2568,wing,b1
2569,within,b1
2570,wonder,b1
2571,wool,b1
2572,worldwide ,b1
2574,worse,b1
2575,worst,b1
2576,worth ,b1
2577,written ,b1
2578,wrong,b1
2579,yard,b1
2580,young,b1
2581,youth,b1
2582,absorb,b2
2583,abstract ,b2
2584,accent,b2
2585,accidentally,b2
2586,accommodate,b2
2587,accomplish,b2
2588,accountant,b2
2589,accuracy,b2
2590,accurately,b2
2591,acid,b2
2592,activate,b2
2593,addiction,b2
2594,additionally,b2
2595,adequate ,b2
2596,adequately,b2
2597,adjust,b2
2598,affordable ,b2
2599,agriculture,b2
2600,AIDS,b2
2601,alien,b2
2602,alongside,b2
2603,altogether,b2
2604,ambulance,b2
2605,amusing ,b2
2606,analyst,b2
2607,ancestor,b2
2608,animation,b2
2609,annually,b2
2610,anticipate,b2
2611,anxiety,b2
2612,apology,b2
2613,applicant,b2
2614,appropriately,b2
2615,arrow,b2
2616,artwork,b2
2617,aside,b2
2618,asset,b2
2619,assign,b2
2620,assistance,b2
2621,assumption,b2
2622,assure,b2
2623,astonishing ,b2
2624,attachment,b2
2625,auction,b2
2626,audio ,b2
2627,automatic ,b2
2628,automatically,b2
2629,awareness,b2
2630,awkward ,b2
2631,badge,b2
2632,balanced ,b2
2633,ballet,b2
2634,balloon,b2
2635,barely,b2
2636,bargain,b2
2637,basement,b2
2638,basket,b2
2639,bat,b2
2640,beneficial ,b2
2641,beside,b2
2642,besides,b2
2643,bias,b2
2644,bid,b2
2645,biological ,b2
2646,blanket,b2
2648,bold ,b2
2649,bombing,b2
2650,booking,b2
2651,boost,b2
2652,bound ,b2
2653,brick,b2
2654,briefly,b2
2655,broadcaster,b2
2656,broadly,b2
2657,bug,b2
2658,cabin,b2
2659,canal,b2
2660,candle,b2
2661,carbon,b2
2662,casual ,b2
2663,cave,b2
2664,certainty,b2
2665,certificate,b2
2666,challenging ,b2
2667,championship,b2
2668,charming ,b2
2669,chase,b2
2670,cheek,b2
2671,cheer,b2
2672,choir,b2
2673,chop,b2
2674,circuit,b2
2675,civilization,b2
2676,clarify,b2
2677,classify,b2
2678,clerk,b2
2679,cliff,b2
2680,clinic,b2
2681,clip,b2
2682,coincidence,b2
2683,collector,b2
2684,colony,b2
2685,colourful ,b2
2686,comic ,b2
2687,commander,b2
2688,comparative ,b2
2689,completion,b2
2690,compose,b2
2691,composer,b2
2692,compound,b2
2693,comprehensive ,b2
2694,comprise,b2
2695,compulsory ,b2
2696,concrete ,b2
2697,confess,b2
2698,confusion,b2
2699,consequently,b2
2700,conservation,b2
2701,considerable ,b2
2702,considerably,b2
2703,consistently,b2
2704,conspiracy,b2
2705,consult,b2
2706,consultant,b2
2707,consumption,b2
2708,controversial ,b2
2709,controversy,b2
2710,convenience,b2
2711,convention,b2
2712,conventional ,b2
2713,convey,b2
2714,convincing ,b2
2715,cope,b2
2716,corporation,b2
2717,corridor,b2
2718,counter,b2
2719,coverage,b2
2720,crack,b2
2721,craft,b2
2722,creativity,b2
2723,critically,b2
2724,cruise,b2
2725,cue,b2
2726,curious ,b2
2727,curriculum,b2
2728,cute ,b2
2729,dairy ,b2
2730,dare,b2
2731,darkness,b2
2732,database,b2
2733,deadline,b2
2734,deadly ,b2
2735,dealer,b2
2736,deck,b2
2737,defender,b2
2738,delete,b2
2739,democracy,b2
2740,democratic ,b2
2741,demonstration,b2
2742,depart,b2
2743,dependent ,b2
2744,deposit,b2
2745,depression,b2
2746,derive,b2
2747,desperately,b2
2748,destruction,b2
2749,determination,b2
2750,devote,b2
2751,differ,b2
2752,disability,b2
2753,disabled ,b2
2754,disagreement,b2
2755,disappoint,b2
2756,disappointment,b2
2757,discourage,b2
2758,disorder,b2
2759,distant ,b2
2760,distinct ,b2
2761,distinguish,b2
2762,distract,b2
2763,disturb,b2
2764,dive,b2
2765,diverse ,b2
2766,diversity,b2
2767,divorce,b2
2768,dominant ,b2
2769,donation,b2
2770,dot,b2
2771,downtown ,b2
2772,dramatically,b2
2773,drought,b2
2774,dull ,b2
2775,dump,b2
2776,duration,b2
2777,dynamic ,b2
2778,economics,b2
2779,economist,b2
2780,editorial ,b2
2781,efficiently,b2
2782,elbow,b2
2783,electronics,b2
2784,elegant ,b2
2785,elementary ,b2
2786,eliminate,b2
2787,embrace,b2
2788,emission,b2
2789,emotionally,b2
2790,empire,b2
2791,enjoyable ,b2
2792,entertaining ,b2
2793,entrepreneur,b2
2794,envelope,b2
2795,equip,b2
2796,equivalent ,b2
2797,era,b2
2798,erupt,b2
2799,essentially,b2
2800,ethic,b2
2801,ethnic ,b2
2802,evaluation,b2
2803,evident ,b2
2804,evolution,b2
2805,evolve,b2
2806,exceed,b2
2807,exception,b2
2808,excessive ,b2
2809,exclude,b2
2810,exhibit,b2
2811,exit,b2
2812,exotic ,b2
2813,expansion,b2
2814,expertise,b2
2815,exploit,b2
2816,exposure,b2
2817,extension,b2
2818,extensive ,b2
2819,extensively,b2
2820,extract,b2
2821,fabric,b2
2822,fabulous ,b2
2823,failed ,b2
2824,fake ,b2
2825,fame,b2
2826,fantasy,b2
2827,fare,b2
2828,federal ,b2
2829,fever,b2
2830,firefighter,b2
2831,firework,b2
2832,firm ,b2
2833,firmly,b2
2834,flavour,b2
2835,fond ,b2
2836,fool,b2
2837,forbid,b2
2838,forecast,b2
2839,format,b2
2840,formation,b2
2841,formerly,b2
2842,fortunate ,b2
2843,forum,b2
2844,fossil,b2
2845,foundation,b2
2846,founder,b2
2847,fraction,b2
2848,fragment,b2
2849,framework,b2
2850,fraud,b2
2851,freely,b2
2852,frequent ,b2
2853,fulfil,b2
2854,full-time ,b2
2855,fundamentally,b2
2856,furious ,b2
2857,gaming,b2
2858,gay ,b2
2859,gender,b2
2860,gene,b2
2861,genetic ,b2
2862,genius,b2
2863,genuine ,b2
2864,genuinely,b2
2865,gesture,b2
2866,gig,b2
2867,globalization,b2
2868,globe,b2
2869,golden ,b2
2870,goodness,b2
2871,gorgeous ,b2
2872,governor,b2
2873,graphic ,b2
2874,graphics,b2
2875,greatly,b2
2876,greenhouse,b2
2877,grocery,b2
2878,guideline,b2
2879,habitat,b2
2880,harbour,b2
2881,headquarters,b2
2882,heal,b2
2883,healthcare,b2
2884,helmet,b2
2885,hence,b2
2886,herb,b2
2887,hidden ,b2
2888,highway,b2
2889,hilarious ,b2
2890,hip,b2
2891,historian,b2
2892,homeless ,b2
2893,honesty,b2
2894,hook,b2
2895,hopefully,b2
2896,hunger,b2
2897,hypothesis,b2
2898,icon,b2
2899,ID,b2
2900,identical ,b2
2901,illusion,b2
2902,immigration,b2
2903,immune ,b2
2904,implement,b2
2905,implication,b2
2906,incentive,b2
2907,incorporate,b2
2908,incorrect ,b2
2909,independence,b2
2910,index,b2
2911,indication,b2
2912,inevitable ,b2
2913,inevitably,b2
2914,infer,b2
2915,inflation,b2
2916,info,b2
2917,infrastructure,b2
2918,inhabitant,b2
2919,inherit,b2
2920,ink,b2
2921,innovation,b2
2922,innovative ,b2
2923,input,b2
2924,insert,b2
2925,inspector,b2
2926,installation,b2
2927,instant ,b2
2928,instantly,b2
2929,integrate,b2
2930,intellectual ,b2
2931,interact,b2
2932,interaction,b2
2933,interpretation,b2
2934,interval,b2
2935,invade,b2
2936,invasion,b2
2937,investor,b2
2938,isolate,b2
2939,isolated ,b2
2940,jail,b2
2941,jet,b2
2942,joint ,b2
2943,journalism,b2
2944,jury,b2
2945,kit,b2
2946,ladder,b2
2947,landing,b2
2948,lane,b2
2949,lately,b2
2950,leaflet,b2
2951,legend,b2
2952,lens,b2
2953,lifetime,b2
2954,lighting,b2
2955,likewise,b2
2956,limitation,b2
2957,literally,b2
2958,literary ,b2
2959,litre,b2
2960,litter,b2
2961,logo,b2
2962,lottery,b2
2963,loyal ,b2
2964,lyric,b2
2965,magnificent ,b2
2966,make-up,b2
2967,making,b2
2968,manufacture,b2
2969,manufacturing,b2
2970,marathon,b2
2971,margin,b2
2972,marker,b2
2973,martial ,b2
2974,mate,b2
2975,mayor,b2
2976,mechanic,b2
2977,mechanical ,b2
2978,mechanism,b2
2979,medal,b2
2980,medication,b2
2981,membership,b2
2982,memorable ,b2
2983,metaphor,b2
2984,miner,b2
2985,miserable ,b2
2986,mode,b2
2987,modest ,b2
2988,monster,b2
2989,monthly ,b2
2990,monument,b2
2991,moreover,b2
2992,mortgage,b2
2993,mosque,b2
2994,motion,b2
2995,motivate,b2
2996,motivation,b2
2997,moving ,b2
2998,myth,b2
2999,naked ,b2
3000,nasty ,b2
3001,navigation,b2
3002,nearby ,b2
3003,necessity,b2
3004,negotiate,b2
3005,negotiation,b2
3006,neutral ,b2
3007,newly,b2
3008,norm,b2
3009,notebook,b2
3010,novelist,b2
3011,nowadays,b2
3012,nursing ,b2
3013,nutrition,b2
3014,obesity,b2
3015,observer,b2
3016,obstacle,b2
3017,occupation,b2
3018,occupy,b2
3019,offender,b2
3020,ongoing ,b2
3021,openly,b2
3022,opera,b2
3023,operator,b2
3024,optimistic ,b2
3025,orchestra,b2
3026,organic ,b2
3027,outfit,b2
3028,output,b2
3029,outstanding ,b2
3030,overcome,b2
3031,overnight,b2
3032,overseas ,b2
3033,ownership,b2
3034,oxygen,b2
3035,packet,b2
3036,palm,b2
3037,panic,b2
3038,parade,b2
3039,parallel ,b2
3040,participation,b2
3041,partnership,b2
3042,part-time ,b2
3043,passionate ,b2
3044,password,b2
3045,patience,b2
3046,pause,b2
3047,peer,b2
3048,penalty,b2
3049,perceive,b2
3050,perception,b2
3051,permanently,b2
3052,pill,b2
3053,pity,b2
3054,placement,b2
3055,portion,b2
3056,potentially,b2
3057,precede,b2
3058,precious ,b2
3059,precise ,b2
3060,precisely,b2
3061,predictable ,b2
3062,preference,b2
3063,pride,b2
3064,primarily,b2
3065,principal ,b2
3066,prior ,b2
3067,probability,b2
3068,probable ,b2
3069,proceed,b2
3070,programming,b2
3071,progressive ,b2
3072,prohibit,b2
3073,promising ,b2
3074,promotion,b2
3075,prompt,b2
3076,proportion,b2
3077,protein,b2
3078,protester,b2
3079,psychological ,b2
3080,publicity,b2
3081,publishing,b2
3082,punk,b2
3083,purely,b2
3084,pursuit,b2
3085,puzzle,b2
3086,questionnaire,b2
3087,racial ,b2
3088,racism,b2
3089,racist ,b2
3090,radiation,b2
3091,rail,b2
3092,random ,b2
3093,rat,b2
3094,rating,b2
3095,reasonably,b2
3096,rebuild,b2
3097,receiver,b2
3098,recession,b2
3099,reckon,b2
3100,recognition,b2
3101,recovery,b2
3102,recruit,b2
3103,recruitment,b2
3104,referee,b2
3105,refugee,b2
3106,registration,b2
3107,regulate,b2
3108,reinforce,b2
3109,relieve,b2
3110,relieved ,b2
3111,remarkable ,b2
3112,remarkably,b2
3113,reporting,b2
3114,resign,b2
3115,resolution,b2
3116,restore,b2
3117,restrict,b2
3118,restriction,b2
3119,retail,b2
3120,retirement,b2
3121,revenue,b2
3122,revision,b2
3123,ridiculous ,b2
3124,risky ,b2
3125,rival ,b2
3126,rob,b2
3127,robbery,b2
3128,rocket,b2
3129,romance,b2
3130,rose,b2
3131,roughly,b2
3132,ruin,b2
3133,satisfaction,b2
3134,scandal,b2
3135,scare,b2
3136,scenario,b2
3137,scholar,b2
3138,scholarship,b2
3139,scratch,b2
3140,screening,b2
3141,seeker,b2
3142,seminar,b2
3143,settler,b2
3144,severely,b2
3145,sexy ,b2
3146,shaped ,b2
3147,shocking ,b2
3148,shore,b2
3149,shortage,b2
3150,shortly,b2
3151,short-term ,b2
3152,sibling,b2
3153,signature,b2
3154,significance,b2
3155,skilled ,b2
3156,skull,b2
3157,slogan,b2
3158,so-called ,b2
3159,somehow,b2
3160,sometime,b2
3161,sophisticated ,b2
3162,spare ,b2
3163,specialize,b2
3164,specify,b2
3165,spectacular ,b2
3166,spectator,b2
3167,speculate,b2
3168,speculation,b2
3169,spice,b2
3170,spill,b2
3171,spite,b2
3172,spoil,b2
3173,spokesman,b2
3174,spokesperson,b2
3175,spokeswoman,b2
3176,sponsorship,b2
3177,sporting ,b2
3178,stall,b2
3179,stance,b2
3180,starve,b2
3181,steadily,b2
3182,steam,b2
3183,stimulate,b2
3184,strengthen,b2
3185,strictly,b2
3186,stroke,b2
3187,stunning ,b2
3188,subsequent ,b2
3189,subsequently,b2
3190,suburb,b2
3191,suffering,b2
3192,sufficient ,b2
3193,sufficiently,b2
3194,super ,b2
3195,surgeon,b2
3196,survival,b2
3197,survivor,b2
3198,suspend,b2
3199,sustainable ,b2
3200,swallow,b2
3201,sympathetic ,b2
3202,tackle,b2
3203,tag,b2
3204,tap,b2
3205,technological ,b2
3206,teens,b2
3207,temple,b2
3208,temporarily,b2
3209,tendency,b2
3210,tension,b2
3211,terminal,b2
3212,terms,b2
3213,terribly,b2
3214,terrify,b2
3215,territory,b2
3216,terror,b2
3217,terrorism,b2
3218,terrorist,b2
3219,testing,b2
3220,textbook,b2
3221,theft,b2
3222,therapist,b2
3223,thesis,b2
3224,thorough ,b2
3225,thoroughly,b2
3226,thumb,b2
3227,timing,b2
3228,tissue,b2
3229,ton,b2
3230,tonne,b2
3231,tournament,b2
3232,trace,b2
3233,trading,b2
3234,tragedy,b2
3235,tragic ,b2
3236,trait,b2
3237,transmit,b2
3238,transportation,b2
3239,trap,b2
3240,treasure,b2
3241,tribe,b2
3242,trigger,b2
3243,trillion,b2
3244,troop,b2
3245,tsunami,b2
3246,ultimate ,b2
3247,unacceptable ,b2
3248,uncertainty,b2
3249,undergo,b2
3250,undertake,b2
3251,unfold,b2
3252,unfortunate ,b2
3253,unite,b2
3254,unity,b2
3255,universal ,b2
3256,urgent ,b2
3257,usage,b2
3258,useless ,b2
3259,valid ,b2
3260,variation,b2
3261,vertical ,b2
3262,viewpoint,b2
3263,visa,b2
3264,visible ,b2
3265,voluntary ,b2
3266,voting,b2
3267,wander,b2
3268,warming,b2
3269,weekly ,b2
3270,weird ,b2
3271,welfare,b2
3272,wheat,b2
3273,whoever,b2
3274,widespread ,b2
3275,wisdom,b2
3276,withdraw,b2
3277,workforce,b2
3278,workplace,b2
3279,workshop,b2
3280,worm,b2
3281,wrist n,b2
3282,abolish,c1
3283,abortion,c1
3284,absence,c1
3285,absent ,c1
3286,absurd ,c1
3287,abundance,c1
3288,abuse,c1
3289,academy,c1
3290,accelerate,c1
3291,acceptance,c1
3292,accessible ,c1
3293,accomplishment,c1
3294,accordance,c1
3295,accordingly,c1
3296,accountability,c1
3297,accountable ,c1
3298,accumulate,c1
3299,accumulation,c1
3300,accusation,c1
3301,accused,c1
3302,acid ,c1
3303,acquisition,c1
3304,acre,c1
3305,activation,c1
3306,activist,c1
3307,acute ,c1
3308,adaptation,c1
3309,adhere,c1
3310,adjacent ,c1
3311,adjustment,c1
3312,administer,c1
3313,administrative ,c1
3314,administrator,c1
3315,admission,c1
3316,adolescent,c1
3317,adoption,c1
3318,adverse ,c1
3319,advocate,c1
3320,aesthetic ,c1
3321,affection,c1
3322,aftermath,c1
3323,aggression,c1
3324,agricultural ,c1
3325,aide,c1
3326,albeit,c1
3327,alert ,c1
3328,alien ,c1
3329,align,c1
3330,alignment,c1
3331,alike ,c1
3332,allegation,c1
3333,allege,c1
3334,allegedly,c1
3335,alliance,c1
3336,allocate,c1
3337,allocation,c1
3338,allowance,c1
3339,ally,c1
3340,aluminium,c1
3341,amateur ,c1
3342,ambassador,c1
3343,amend,c1
3344,amendment,c1
3345,amid,c1
3346,analogy,c1
3347,anchor,c1
3348,angel,c1
3349,anonymous ,c1
3350,apparatus,c1
3351,appealing ,c1
3352,appetite,c1
3353,applaud,c1
3354,applicable ,c1
3355,appoint,c1
3356,appreciation,c1
3357,arbitrary ,c1
3358,architectural ,c1
3359,archive,c1
3360,arena,c1
3361,arguably,c1
3363,array,c1
3364,articulate,c1
3365,ash,c1
3366,aspiration,c1
3367,aspire,c1
3368,assassination,c1
3369,assault,c1
3370,assemble,c1
3371,assembly,c1
3372,assert,c1
3373,assertion,c1
3374,assurance,c1
3375,asylum,c1
3376,atrocity,c1
3377,attain,c1
3378,attendance,c1
3379,attorney,c1
3380,attribute,c1
3381,audit,c1
3382,authentic ,c1
3383,authorize,c1
3384,auto,c1
3385,autonomy,c1
3386,availability,c1
3387,await,c1
3388,backdrop,c1
3389,backing,c1
3390,backup,c1
3391,bail,c1
3392,ballot,c1
3393,banner,c1
3394,bare ,c1
3395,barrel,c1
3396,bass,c1
3398,battlefield,c1
3399,bay,c1
3400,beam,c1
3401,beast,c1
3402,behalf,c1
3403,beloved ,c1
3404,bench,c1
3405,benchmark,c1
3406,beneath,c1
3407,beneficiary,c1
3408,betray,c1
3409,bind,c1
3410,biography,c1
3411,bishop,c1
3412,bizarre ,c1
3413,blade,c1
3414,blast,c1
3415,bleed,c1
3416,blend,c1
3417,bless,c1
3418,blessing,c1
3419,boast,c1
3420,bonus,c1
3421,boom,c1
3422,bounce,c1
3423,boundary,c1
3424,bow,c1
3425,breach,c1
3426,breakdown,c1
3427,breakthrough,c1
3428,breed,c1
3429,broadband,c1
3430,browser,c1
3431,brutal ,c1
3432,buck,c1
3433,buddy,c1
3434,buffer,c1
3435,bulk,c1
3436,burden,c1
3437,bureaucracy,c1
3438,burial,c1
3439,burst,c1
3440,cabinet,c1
3441,calculation,c1
3442,canvas,c1
3443,capability,c1
3444,capitalism,c1
3445,capitalist ,c1
3446,cargo,c1
3447,carriage,c1
3448,carve,c1
3449,casino,c1
3450,casualty,c1
3451,catalogue,c1
3452,cater,c1
3453,cattle,c1
3454,caution,c1
3455,cautious ,c1
3456,cease,c1
3457,cemetery,c1
3458,chamber,c1
3459,chaos,c1
3460,characterize,c1
3461,charm,c1
3462,charter,c1
3463,chronic ,c1
3464,chunk,c1
3465,circulate,c1
3466,circulation,c1
3467,citizenship,c1
3468,civic ,c1
3469,civilian ,c1
3470,clarity,c1
3471,clash,c1
3472,classification,c1
3473,cling,c1
3474,clinical ,c1
3475,closure,c1
3476,cluster,c1
3477,coalition,c1
3478,coastal ,c1
3479,cocktail,c1
3480,cognitive ,c1
3481,coincide,c1
3482,collaborate,c1
3483,collaboration,c1
3484,collective ,c1
3485,collision,c1
3486,colonial ,c1
3487,columnist,c1
3488,combat,c1
3489,commence,c1
3490,commentary,c1
3491,commentator,c1
3492,commerce,c1
3493,commissioner,c1
3494,commodity,c1
3495,communist ,c1
3496,companion,c1
3497,comparable ,c1
3498,compassion,c1
3499,compel,c1
3500,compelling ,c1
3501,compensate,c1
3502,compensation,c1
3503,competence,c1
3504,competent ,c1
3505,compile,c1
3506,complement,c1
3507,complexity,c1
3508,compliance,c1
3509,complication,c1
3510,comply,c1
3511,composition,c1
3512,compromise,c1
3513,compute,c1
3514,conceal,c1
3515,concede,c1
3516,conceive,c1
3517,conception,c1
3518,concession,c1
3519,condemn,c1
3520,confer,c1
3521,confession,c1
3522,configuration,c1
3523,confine,c1
3524,confirmation,c1
3525,confront,c1
3526,confrontation,c1
3527,congratulate,c1
3528,congregation,c1
3529,congressional ,c1
3530,conquer,c1
3531,conscience,c1
3532,consciousness,c1
3533,consecutive ,c1
3534,consensus,c1
3535,consent,c1
3536,conserve,c1
3537,consistency,c1
3538,consolidate,c1
3539,constituency,c1
3540,constitute,c1
3541,constitution,c1
3542,constitutional ,c1
3543,constraint,c1
3544,consultation,c1
3545,contemplate,c1
3546,contempt,c1
3547,contend,c1
3548,contender,c1
3549,content ,c1
3550,contention,c1
3551,continually,c1
3552,contractor,c1
3553,contradiction,c1
3554,contrary ,c1
3555,contributor,c1
3556,conversion,c1
3557,convict,c1
3558,conviction,c1
3559,cooperate,c1
3560,cooperative ,c1
3561,coordinate,c1
3562,coordination,c1
3563,coordinator,c1
3564,cop,c1
3565,copper,c1
3566,copyright,c1
3567,correction,c1
3568,correlate,c1
3569,correlation,c1
3570,correspond,c1
3571,correspondence,c1
3572,correspondent,c1
3573,corresponding ,c1
3574,corrupt ,c1
3575,corruption,c1
3576,costly ,c1
3577,councillor,c1
3578,counselling,c1
3579,counsellor,c1
3581,counterpart,c1
3582,countless ,c1
3583,coup,c1
3584,courtesy,c1
3586,crawl,c1
3587,creator,c1
3588,credibility,c1
3589,credible ,c1
3590,creep,c1
3591,critique,c1
3592,crown,c1
3593,crude ,c1
3594,crush,c1
3595,crystal,c1
3596,cult ,c1
3597,cultivate,c1
3598,curiosity,c1
3599,custody,c1
3600,cutting,c1
3601,cynical ,c1
3602,dam,c1
3603,damaging ,c1
3604,dawn,c1
3605,debris,c1
3606,debut,c1
3607,decision-making,c1
3608,decisive ,c1
3609,declaration,c1
3610,dedicated ,c1
3611,dedication,c1
3612,deed,c1
3613,deem,c1
3614,default,c1
3615,defect,c1
3616,defensive ,c1
3617,deficiency,c1
3618,deficit,c1
3619,defy,c1
3620,delegate,c1
3621,delegation,c1
3622,delicate ,c1
3623,demon,c1
3624,denial,c1
3625,denounce,c1
3626,dense ,c1
3627,density,c1
3628,dependence,c1
3629,depict,c1
3630,deploy,c1
3631,deployment,c1
3633,deprive,c1
3634,deputy,c1
3635,descend,c1
3636,descent,c1
3637,designate,c1
3638,desirable ,c1
3639,desktop,c1
3640,destructive ,c1
3641,detain,c1
3642,detection,c1
3643,detention,c1
3644,deteriorate,c1
3645,devastate,c1
3646,devil,c1
3647,devise,c1
3648,diagnose,c1
3649,diagnosis,c1
3650,dictate,c1
3651,dictator,c1
3652,differentiate,c1
3653,dignity,c1
3654,dilemma,c1
3655,dimension,c1
3656,diminish,c1
3657,dip,c1
3658,diplomat,c1
3659,diplomatic,c1
3660,directory,c1
3661,disastrous ,c1
3662,discard,c1
3663,discharge,c1
3664,disclose,c1
3665,disclosure,c1
3666,discourse,c1
3667,discretion,c1
3668,discrimination,c1
3669,dismissal,c1
3670,displace,c1
3671,disposal,c1
3672,dispose,c1
3673,dispute,c1
3674,disrupt,c1
3675,disruption,c1
3676,dissolve,c1
3677,distinction,c1
3678,distinctive ,c1
3679,distort,c1
3680,distress,c1
3681,disturbing ,c1
3682,divert,c1
3683,divine ,c1
3684,doctrine,c1
3685,documentation,c1
3686,domain,c1
3687,dominance,c1
3688,donor,c1
3689,dose,c1
3690,drain,c1
3691,drift,c1
3692,driving ,c1
3693,drown,c1
3694,dual ,c1
3695,dub,c1
3696,dumb ,c1
3697,duo,c1
3698,dynamic,c1
3699,eager ,c1
3700,earnings,c1
3701,ease,c1
3702,echo,c1
3703,ecological ,c1
3704,educator,c1
3705,effectiveness,c1
3706,efficiency,c1
3707,ego,c1
3708,elaborate ,c1
3709,electoral ,c1
3710,elevate,c1
3711,eligible ,c1
3712,elite,c1
3713,embark,c1
3714,embarrassment,c1
3715,embassy,c1
3716,embed,c1
3717,embody,c1
3718,emergence,c1
3719,empirical ,c1
3720,empower,c1
3721,enact,c1
3722,encompass,c1
3723,encouragement,c1
3724,encouraging ,c1
3725,endeavour,c1
3726,endless ,c1
3727,endorse,c1
3728,endorsement,c1
3729,endure,c1
3730,enforce,c1
3731,enforcement,c1
3732,engagement,c1
3733,engaging ,c1
3734,enquire,c1
3735,enrich,c1
3736,enrol,c1
3737,ensue,c1
3738,enterprise,c1
3739,enthusiast,c1
3740,entitle,c1
3741,entity,c1
3742,epidemic,c1
3743,equality,c1
3744,equation,c1
3745,erect,c1
3746,escalate,c1
3747,essence,c1
3748,establishment,c1
3749,eternal ,c1
3750,evacuate,c1
3751,evoke,c1
3752,evolutionary ,c1
3753,exaggerate,c1
3754,excellence,c1
3755,exceptional ,c1
3756,excess ,c1
3757,exclusion,c1
3758,exclusive ,c1
3759,exclusively,c1
3760,execute,c1
3761,execution,c1
3762,exert,c1
3763,exile,c1
3765,expenditure,c1
3766,experimental ,c1
3767,expire,c1
3768,explicit ,c1
3769,explicitly,c1
3770,exploitation,c1
3771,explosive ,c1
3773,extremist,c1
3774,facilitate,c1
3775,faction,c1
3776,faculty,c1
3777,fade,c1
3778,fairness,c1
3779,fatal ,c1
3780,fate,c1
3781,favourable ,c1
3782,feat,c1
3783,feminist ,c1
3784,fibre,c1
3785,fierce ,c1
3786,film-maker,c1
3787,filter,c1
3788,fine,c1
3789,firearm,c1
3790,fit,c1
3791,fixture,c1
3792,flaw,c1
3793,flawed ,c1
3794,flee,c1
3795,fleet,c1
3796,flesh,c1
3797,flexibility,c1
3798,flourish,c1
3799,fluid,c1
3800,footage,c1
3801,foreigner,c1
3802,forge,c1
3803,formula,c1
3804,formulate,c1
3805,forth,c1
3806,forthcoming ,c1
3807,foster,c1
3808,fragile ,c1
3809,franchise,c1
3810,frankly,c1
3811,frustrated ,c1
3812,frustrating ,c1
3813,frustration,c1
3814,functional ,c1
3815,fundraising,c1
3816,funeral,c1
3817,gallon,c1
3818,gambling,c1
3819,gathering,c1
3820,gaze,c1
3821,gear,c1
3822,generic ,c1
3823,genocide,c1
3824,glance,c1
3825,glimpse,c1
3826,glorious ,c1
3827,glory,c1
3828,governance,c1
3829,grace,c1
3830,grasp,c1
3831,grave,c1
3832,grave ,c1
3833,gravity,c1
3834,grid,c1
3835,grief,c1
3836,grin,c1
3837,grind,c1
3838,grip,c1
3839,gross ,c1
3840,guerrilla,c1
3841,guidance,c1
3842,guilt,c1
3843,gut,c1
3844,hail,c1
3845,halfway,c1
3846,halt,c1
3847,handful,c1
3848,handling,c1
3849,handy ,c1
3850,harassment,c1
3851,hardware,c1
3852,harmony,c1
3853,harsh ,c1
3854,harvest,c1
3855,hatred,c1
3856,haunt,c1
3857,hazard,c1
3858,heighten,c1
3859,heritage,c1
3860,hierarchy,c1
3861,high-profile ,c1
3862,hint,c1
3863,homeland,c1
3865,hopeful ,c1
3866,horizon,c1
3867,horn,c1
3868,hostage,c1
3869,hostile ,c1
3870,hostility,c1
3871,humanitarian ,c1
3872,humanity,c1
3873,humble ,c1
3874,hydrogen,c1
3875,identification,c1
3876,ideological ,c1
3877,ideology,c1
3878,idiot,c1
3879,ignorance,c1
3880,imagery,c1
3881,immense ,c1
3882,imminent ,c1
3883,implementation,c1
3884,imprison,c1
3885,imprisonment,c1
3886,inability,c1
3887,inadequate ,c1
3888,inappropriate ,c1
3889,incidence,c1
3890,inclined ,c1
3891,inclusion,c1
3892,incur,c1
3893,indicator,c1
3894,indictment,c1
3895,indigenous ,c1
3896,induce,c1
3897,indulge,c1
3898,inequality,c1
3899,infamous ,c1
3900,infant,c1
3901,infect,c1
3902,inflict,c1
3903,influential ,c1
3904,inherent ,c1
3905,inhibit,c1
3906,initiate,c1
3907,inject,c1
3908,injection,c1
3909,injustice,c1
3910,inmate,c1
3911,insertion,c1
3912,insider,c1
3913,inspect,c1
3914,inspection,c1
3915,inspiration,c1
3916,instinct,c1
3917,institutional ,c1
3918,instruct,c1
3919,instrumental ,c1
3920,insufficient ,c1
3921,insult,c1
3922,intact ,c1
3923,intake,c1
3924,integral ,c1
3925,integrated ,c1
3926,integration,c1
3927,integrity,c1
3928,intellectual,c1
3929,intensify,c1
3930,intensity,c1
3931,intensive ,c1
3932,intent,c1
3933,interactive ,c1
3934,interface,c1
3935,interfere,c1
3936,interference,c1
3937,interim ,c1
3938,interior ,c1
3939,intermediate ,c1
3940,intervene,c1
3941,intervention,c1
3942,intimate ,c1
3943,intriguing ,c1
3944,investigator,c1
3945,invisible ,c1
3946,invoke,c1
3947,involvement,c1
3948,ironic ,c1
3949,ironically,c1
3950,irony,c1
3951,irrelevant ,c1
3952,isolation,c1
3953,judicial ,c1
3954,junction,c1
3955,jurisdiction,c1
3956,just ,c1
3957,justification,c1
3958,kidnap,c1
3959,kidney,c1
3960,kingdom,c1
3961,lad,c1
3962,landlord,c1
3963,landmark,c1
3964,lap,c1
3965,large-scale ,c1
3966,laser,c1
3967,latter ,c1
3968,lawn,c1
3969,lawsuit,c1
3970,layout,c1
3971,leak,c1
3972,leap,c1
3973,legacy,c1
3974,legendary ,c1
3975,legislation,c1
3976,legislative ,c1
3977,legislature,c1
3978,legitimate ,c1
3979,lengthy ,c1
3980,lesbian ,c1
3981,lesser ,c1
3982,lethal ,c1
3983,liable ,c1
3984,liberal ,c1
3985,liberation,c1
3986,liberty,c1
3987,license,c1
3988,lifelong ,c1
3989,likelihood,c1
3990,limb,c1
3991,linear ,c1
3992,line-up,c1
3993,linger,c1
3994,listing,c1
3995,literacy,c1
3996,liver,c1
3997,lobby,c1
3998,log,c1
3999,logic,c1
4000,long-standing ,c1
4001,long-time ,c1
4002,loom,c1
4003,loop,c1
4004,loyalty,c1
4005,machinery,c1
4006,magical ,c1
4007,magistrate,c1
4008,magnetic ,c1
4009,magnitude,c1
4010,mainland,c1
4011,mainstream ,c1
4012,maintenance,c1
4013,mandate,c1
4014,mandatory ,c1
4015,manifest,c1
4016,manipulate,c1
4017,manipulation,c1
4018,manuscript,c1
4019,march,c1
4020,marginal ,c1
4021,marine ,c1
4022,marketplace,c1
4023,mask,c1
4024,massacre,c1
4025,mathematical ,c1
4026,mature ,c1
4027,maximize,c1
4028,meaningful ,c1
4029,meantime,c1
4030,medieval ,c1
4031,meditation,c1
4032,melody,c1
4033,memo,c1
4034,memoir,c1
4035,memorial,c1
4036,mentor,c1
4037,merchant,c1
4038,mercy,c1
4039,mere ,c1
4040,merely,c1
4041,merge,c1
4042,merger,c1
4043,merit,c1
4044,methodology,c1
4045,midst,c1
4046,migration,c1
4047,militant ,c1
4048,militia,c1
4049,mill,c1
4050,minimal ,c1
4051,minimize,c1
4052,mining,c1
4053,ministry,c1
4054,minute ,c1
4055,miracle,c1
4056,misery,c1
4057,misleading ,c1
4058,missile,c1
4059,mob,c1
4060,mobility,c1
4061,mobilize,c1
4062,moderate ,c1
4063,modification,c1
4064,momentum,c1
4065,monk,c1
4066,monopoly,c1
4067,morality,c1
4068,motive,c1
4069,motorist,c1
4070,municipal ,c1
4071,mutual ,c1
4072,namely,c1
4073,nationwide ,c1
4074,naval ,c1
4075,neglect,c1
4076,neighbouring ,c1
4077,nest,c1
4078,net ,c1
4079,newsletter,c1
4080,niche,c1
4081,noble ,c1
4082,nod,c1
4083,nominate,c1
4084,nomination,c1
4085,nominee,c1
4086,nonetheless,c1
4087,non-profit ,c1
4088,nonsense,c1
4089,noon,c1
4090,notable ,c1
4091,notably,c1
4092,notify,c1
4093,notorious ,c1
4094,novel ,c1
4095,nursery,c1
4096,objection,c1
4097,oblige,c1
4098,obsess,c1
4099,obsession,c1
4100,occasional ,c1
4101,occurrence,c1
4102,odds,c1
4103,offering,c1
4104,offspring,c1
4105,operational ,c1
4106,opt,c1
4107,optical ,c1
4108,optimism,c1
4109,oral ,c1
4110,organizational ,c1
4111,orientation,c1
4112,originate,c1
4113,outbreak,c1
4114,outing,c1
4115,outlet,c1
4116,outlook,c1
4117,outrage,c1
4118,outsider,c1
4119,overlook,c1
4120,overly,c1
4121,oversee,c1
4122,overturn,c1
4123,overwhelm,c1
4124,overwhelming ,c1
4125,pad,c1
4126,parameter,c1
4127,parental ,c1
4128,parish,c1
4129,parliamentary ,c1
4130,partial ,c1
4131,partially,c1
4132,passing,c1
4133,passive ,c1
4134,pastor,c1
4135,patch,c1
4136,patent,c1
4137,pathway,c1
4138,patrol,c1
4139,patron,c1
4140,peak,c1
4141,peasant,c1
4142,peculiar ,c1
4143,persist,c1
4144,persistent ,c1
4145,personnel,c1
4146,petition,c1
4147,philosopher,c1
4148,philosophical ,c1
4149,physician,c1
4150,pioneer,c1
4151,pipeline,c1
4152,pirate,c1
4153,pit,c1
4154,plea,c1
4155,plead,c1
4156,pledge,c1
4157,plug,c1
4158,plunge,c1
4159,pole,c1
4160,poll,c1
4161,pond,c1
4162,pop,c1
4163,portfolio,c1
4164,portray,c1
4165,postpone,c1
4166,post-war ,c1
4167,practitioner,c1
4168,preach,c1
4169,precedent,c1
4170,precision,c1
4171,predator,c1
4172,predecessor,c1
4173,predominantly,c1
4174,pregnancy,c1
4175,prejudice,c1
4176,preliminary ,c1
4177,premier,c1
4178,premise,c1
4179,premium,c1
4180,prescribe,c1
4181,prescription,c1
4182,presently,c1
4183,preservation,c1
4184,preside,c1
4185,presidency,c1
4186,presidential ,c1
4187,prestigious ,c1
4188,presumably,c1
4189,presume,c1
4190,prevail,c1
4191,prevalence,c1
4192,prevention,c1
4193,prey,c1
4194,principal,c1
4195,privatization,c1
4196,privilege,c1
4197,probe,c1
4198,problematic ,c1
4199,proceedings,c1
4200,proceeds,c1
4201,processing,c1
4202,processor,c1
4203,proclaim,c1
4204,productive ,c1
4205,productivity,c1
4206,profitable ,c1
4207,profound ,c1
4208,projection,c1
4209,prominent ,c1
4210,pronounced ,c1
4211,propaganda,c1
4212,proposition,c1
4213,prosecute,c1
4214,prosecution,c1
4215,prosecutor,c1
4216,prospective ,c1
4217,prosperity,c1
4218,protective ,c1
4219,protocol,c1
4220,province,c1
4221,provincial ,c1
4222,provision,c1
4223,provoke,c1
4224,psychiatric ,c1
4225,pulse,c1
4226,pump,c1
4227,punch,c1
4228,query,c1
4229,quest,c1
4230,quota,c1
4231,radar,c1
4232,radical ,c1
4233,rage,c1
4234,raid,c1
4235,rally,c1
4236,ranking,c1
4237,rape,c1
4238,ratio,c1
4239,rational ,c1
4240,ray,c1
4241,readily,c1
4242,realization,c1
4243,realm,c1
4244,rear ,c1
4245,reasoning,c1
4246,reassure,c1
4247,rebel,c1
4248,rebellion,c1
4249,recipient,c1
4250,reconstruction,c1
4251,recount,c1
4252,referendum,c1
4253,reflection,c1
4254,reform,c1
4255,refuge,c1
4256,refusal,c1
4257,regain,c1
4258,regardless,c1
4259,regime,c1
4260,regulator,c1
4261,regulatory ,c1
4262,rehabilitation,c1
4263,reign,c1
4264,rejection,c1
4265,relevance,c1
4266,reliability,c1
4267,reluctant ,c1
4268,remainder,c1
4269,remains,c1
4270,remedy,c1
4271,reminder,c1
4272,removal,c1
4273,render,c1
4274,renew,c1
4275,renowned ,c1
4276,rental,c1
4277,replacement,c1
4278,reportedly,c1
4279,representation,c1
4280,reproduce,c1
4281,reproduction,c1
4282,republic,c1
4283,resemble,c1
4284,reside,c1
4285,residence,c1
4286,residential ,c1
4287,residue,c1
4288,resignation,c1
4289,resistance,c1
4290,respective ,c1
4291,respectively,c1
4292,restoration,c1
4293,restraint,c1
4294,resume,c1
4295,retreat,c1
4296,retrieve,c1
4297,revelation,c1
4298,revenge,c1
4299,reverse  ,c1
4300,revival,c1
4301,revive,c1
4302,revolutionary ,c1
4303,rhetoric,c1
4304,rifle,c1
4305,riot,c1
4306,rip,c1
4307,ritual,c1
4308,robust ,c1
4310,rod,c1
4311,rotate,c1
4312,rotation,c1
4313,ruling,c1
4314,rumour,c1
4315,sack,c1
4316,sacred ,c1
4317,sacrifice,c1
4318,saint,c1
4319,sake,c1
4320,sanction,c1
4322,scattered ,c1
4323,sceptical ,c1
4324,scope,c1
4325,screw,c1
4326,scrutiny,c1
4327,seal,c1
4328,secular ,c1
4329,seemingly,c1
4330,segment,c1
4331,seize,c1
4332,seldom,c1
4333,selective ,c1
4334,senator,c1
4335,sensation,c1
4336,sensitivity,c1
4337,sentiment,c1
4338,separation,c1
4339,serial ,c1
4340,settlement,c1
4341,set-up,c1
4342,sexuality,c1
4343,shareholder,c1
4344,shatter,c1
4345,shed,c1
4346,sheer ,c1
4347,shipping,c1
4349,shrink,c1
4350,shrug,c1
4351,sigh,c1
4352,simulate,c1
4353,simulation,c1
4354,simultaneously,c1
4355,sin,c1
4356,situated ,c1
4357,sketch,c1
4358,skip,c1
4359,slam,c1
4360,slap,c1
4361,slash,c1
4362,slavery,c1
4363,slot,c1
4364,smash,c1
4365,snap,c1
4366,soak,c1
4367,soar,c1
4368,socialist ,c1
4369,sole ,c1
4370,solely,c1
4371,solicitor,c1
4372,solidarity,c1
4373,solo ,c1
4374,sound ,c1
4375,sovereignty,c1
4376,spam,c1
4377,span,c1
4378,spare,c1
4379,spark,c1
4380,specialized ,c1
4381,specification,c1
4382,specimen,c1
4383,spectacle,c1
4384,spectrum,c1
4386,sphere,c1
4387,spin,c1
4388,spine,c1
4389,spotlight,c1
4390,spouse,c1
4391,spy,c1
4392,squad,c1
4393,squeeze,c1
4394,stab,c1
4395,stability,c1
4396,stabilize,c1
4397,stake,c1
4398,standing ,c1
4399,stark ,c1
4400,statistical ,c1
4401,steer,c1
4402,stem,c1
4403,stereotype,c1
4404,stimulus,c1
4405,stir,c1
4406,storage,c1
4407,straightforward ,c1
4408,strain,c1
4409,strand,c1
4410,strategic ,c1
4411,striking ,c1
4412,strip,c1
4414,strive,c1
4415,structural ,c1
4416,stumble,c1
4417,stun,c1
4418,submission,c1
4419,subscriber,c1
4420,subscription,c1
4421,subsidy,c1
4422,substantial ,c1
4423,substantially,c1
4424,substitute,c1
4425,substitution,c1
4426,subtle ,c1
4427,suburban ,c1
4428,succession,c1
4429,successive ,c1
4430,successor,c1
4431,suck,c1
4432,sue,c1
4433,suicide,c1
4434,suite,c1
4435,summit,c1
4436,superb ,c1
4437,superior ,c1
4438,supervise,c1
4439,supervision,c1
4440,supervisor,c1
4441,supplement,c1
4442,supportive ,c1
4443,supposedly,c1
4444,suppress,c1
4445,supreme ,c1
4446,surge,c1
4447,surgical ,c1
4448,surplus,c1
4449,surrender,c1
4450,surveillance,c1
4451,suspension,c1
4452,suspicion,c1
4453,suspicious ,c1
4454,sustain,c1
4455,swing,c1
4456,sword,c1
4457,symbolic ,c1
4458,syndrome,c1
4459,synthesis,c1
4460,systematic ,c1
4462,tactic,c1
4463,tactical ,c1
4464,taxpayer,c1
4465,tempt,c1
4466,tenant,c1
4467,tender ,c1
4468,tenure,c1
4469,terminal ,c1
4470,terminate,c1
4471,terrain,c1
4472,terrific ,c1
4473,testify,c1
4474,testimony,c1
4475,texture,c1
4476,thankfully,c1
4477,theatrical ,c1
4478,theology,c1
4479,theoretical ,c1
4480,thereafter,c1
4481,thereby,c1
4482,thoughtful ,c1
4483,thought-provoking ,c1
4484,thread,c1
4485,threshold,c1
4486,thrilled ,c1
4487,thrive,c1
4488,tide,c1
4489,tighten,c1
4490,timber,c1
4491,timely ,c1
4492,tobacco,c1
4493,tolerance,c1
4494,tolerate,c1
4495,toll,c1
4496,top,c1
4497,torture,c1
4498,toss,c1
4499,total,c1
4500,toxic ,c1
4502,trademark,c1
4503,trail,c1
4504,trailer,c1
4505,transaction,c1
4506,transcript,c1
4507,transformation,c1
4508,transit,c1
4509,transmission,c1
4510,transparency,c1
4511,transparent ,c1
4512,trauma,c1
4513,treaty,c1
4514,tremendous ,c1
4515,tribal ,c1
4516,tribunal,c1
4517,tribute,c1
4519,trio,c1
4520,triumph,c1
4521,trophy,c1
4522,troubled ,c1
4523,trustee,c1
4524,tuition,c1
4525,turnout,c1
4526,turnover,c1
4527,twist,c1
4528,undergraduate,c1
4529,underlying ,c1
4530,undermine,c1
4531,undoubtedly,c1
4532,unify,c1
4533,unprecedented ,c1
4534,unveil,c1
4535,upcoming ,c1
4536,upgrade,c1
4537,uphold,c1
4538,utility,c1
4539,utilize,c1
4540,utterly,c1
4541,vacuum,c1
4542,vague ,c1
4543,validity,c1
4544,vanish,c1
4545,variable ,c1
4546,varied ,c1
4547,vein,c1
4548,venture,c1
4549,verbal ,c1
4550,verdict,c1
4551,verify,c1
4552,verse,c1
4553,versus,c1
4554,vessel,c1
4555,veteran,c1
4556,viable ,c1
4557,vibrant ,c1
4558,vice,c1
4559,vicious ,c1
4560,villager,c1
4561,violate,c1
4562,violation,c1
4563,virtue,c1
4564,vocal ,c1
4565,vow,c1
4566,vulnerability,c1
4567,vulnerable ,c1
4568,ward,c1
4569,warehouse,c1
4570,warfare,c1
4571,warrant,c1
4572,warrior,c1
4573,weaken,c1
4574,weave,c1
4575,weed,c1
4576,well,c1
4577,well-being,c1
4578,whatsoever,c1
4579,whereby,c1
4580,whilst,c1
4581,whip,c1
4582,wholly,c1
4583,widen,c1
4584,widow,c1
4585,width,c1
4586,willingness,c1
4587,wipe,c1
4588,wit,c1
4589,withdrawal,c1
4590,workout,c1
4591,worship,c1
4592,worthwhile ,c1
4593,worthy ,c1
4594,yell,c1
4595,yield,c1
4596,youngster n,c1
